"initDR","hvhyr6_pc_mean","hvhyr6_pc_min","hvhyr6_pc_max","gp_pc_mean","gp_pc_min","gp_pc_max","kcal_pc_mean","kcal_pc_min","kcal_pc_max","lu_pc_mean","landuse_pc_min","landuse_pc_max","ghg_pc_mean","ghg_pc_min","ghg_pc_max"
"LD-LR",-86.0140108630633,-95.9072370942034,-58.0128759663013,15.5034440422919,7.8367018960746,29.8862174121738,4.55231449165341,2.30013774344858,9.64866341517055,-1.77992364111767,-8.75488630280716,3.82086040227863,-9.62173654395499,-18.6614132372465,7.90366595156028
"LD-HR",-80.9101906503035,-92.6159291657076,-70.2101737448943,-4.54803509162341,-19.3462856198596,7.62159899826065,-1.93015455777313,-10.2058616787088,8.76180168668366,4.03095808815791,-10.4295340704863,14.132496937889,-13.4206630799894,-27.9410333180301,5.22912533507153
"HD-HR",-57.9059477598307,-98.1396404017173,-26.8655041101866,-18.0947858242679,-38.0200425854144,4.57839831577633,-9.8759135546826,-25.9978085226588,34.6927316966868,14.1363971931282,-11.4795523000433,59.6956493455207,-23.4611291637994,-33.5989476900745,-4.62558917830715
